season,team,jersey,full_name,roster_name,first_name,last_name,yr,pos,gp,gs,games,goals,assists,points,sh_att,so_g,fouls,red_cards,yellow_cards,gc,goal_app,ggs,goalie_min_plyd,ga,gaa,saves,sv_pct,combined_sho,shutouts,g_wins,g_loss,d_saves,corners,pk,pk_att,gwg
2021,A&M-Corpus Christi Islanders,19,Emma Crump,"Crump, Emma",Emma,Crump,Fr,D,19,18,1,NA,2,10,6,NA,NA,NA,NA,NA,NA,NA,NA,NA,NA,NA,NA,NA,NA,NA,NA,NA,NA,1,NA,NA
2021,A&M-Corpus Christi Islanders,10,Emma Herrera,"Herrera, Emma",Emma,Herrera,So,D,19,19,NA,1,1,11,7,NA,NA,NA,NA,NA,NA,NA,NA,NA,NA,NA,NA,NA,NA,NA,NA,NA,NA,NA,NA,NA
2021,A&M-Corpus Christi Islanders,23,Reese Cross,"Cross, Reese",Reese,Cross,So,D,19,19,NA,1,1,8,15,NA,1,NA,NA,NA,NA,NA,NA,NA,NA,NA,NA,NA,NA,NA,NA,NA,NA,NA,NA,NA
2021,A&M-Corpus Christi Islanders,16,Jayden Rea,"Rea, Jayden",Jayden,Rea,So,M,19,16,NA,NA,0,1,1,NA,1,NA,NA,NA,NA,NA,NA,NA,NA,NA,NA,NA,NA,NA,NA,NA,NA,NA,NA,NA
2021,A&M-Corpus Christi Islanders,25,Alana Mangan,"Mangan, Alana",Alana,Mangan,Jr,D,19,4,NA,NA,0,6,3,NA,NA,NA,NA,NA,NA,NA,NA,NA,NA,NA,NA,NA,NA,NA,NA,NA,NA,NA,NA,NA
2021,A&M-Corpus Christi Islanders,2,Emma Gibbs,"Gibbs, Emma",Emma,Gibbs,Jr,M,19,19,NA,2,2,16,9,NA,NA,NA,NA,NA,NA,NA,NA,NA,NA,NA,NA,NA,NA,NA,NA,NA,NA,NA,NA,NA
2021,A&M-Corpus Christi Islanders,12,Samantha Palomino,"Palomino, Samantha",Samantha,Palomino,Jr,M,19,19,6,2,14,22,9,NA,NA,NA,NA,NA,NA,NA,NA,NA,NA,NA,NA,NA,NA,NA,NA,NA,NA,2,NA,NA
2021,A&M-Corpus Christi Islanders,18,Reaghan Lang,"Lang, Reaghan",Reaghan,Lang,Sr,F,19,13,4,3,11,20,6,NA,NA,NA,NA,NA,NA,NA,NA,NA,NA,NA,NA,NA,NA,NA,NA,3,3,1,NA,NA
2021,A&M-Corpus Christi Islanders,8,Ellie Fox,"Fox, Ellie",Ellie,Fox,Fr,M,18,3,NA,NA,0,2,4,NA,1,NA,NA,NA,NA,NA,NA,NA,NA,NA,NA,NA,NA,NA,NA,NA,NA,NA,NA,NA
2021,A&M-Corpus Christi Islanders,17,Gracie Gill,"Gill, Gracie",Gracie,Gill,Fr,M,17,9,NA,NA,0,5,9,NA,NA,NA,NA,NA,NA,NA,NA,NA,NA,NA,NA,NA,NA,NA,NA,NA,NA,NA,NA,NA
2021,A&M-Corpus Christi Islanders,21,Natalie Gonzalez,"Gonzalez, Natalie",Natalie,Gonzalez,Jr,F,17,8,NA,2,2,12,6,NA,NA,NA,NA,NA,NA,NA,NA,NA,NA,NA,NA,NA,NA,NA,NA,NA,NA,NA,NA,NA
2021,A&M-Corpus Christi Islanders,24,Maddie Janolo,"Janolo, Maddie",Maddie,Janolo,Jr,D,17,4,NA,NA,0,7,6,NA,1,NA,NA,NA,NA,NA,NA,NA,NA,NA,NA,NA,NA,NA,NA,NA,NA,NA,NA,NA
2021,A&M-Corpus Christi Islanders,28,Megan Guy,"Guy, Megan",Megan,Guy,Fr,F,15,6,2,2,6,24,14,NA,1,NA,NA,NA,NA,NA,NA,NA,NA,NA,NA,NA,NA,NA,NA,NA,NA,NA,NA,NA
2021,A&M-Corpus Christi Islanders,7,Maggie Murray,"Murray, Maggie",Maggie,Murray,So,F,15,7,3,1,7,16,9,NA,NA,NA,NA,NA,NA,NA,NA,NA,NA,NA,NA,NA,NA,NA,NA,NA,NA,1,NA,NA
2021,A&M-Corpus Christi Islanders,9,Storm Harris,"Harris, Storm",Storm,Harris,Fr,F,14,0,NA,NA,0,8,8,NA,1,NA,NA,NA,NA,NA,NA,NA,NA,NA,NA,NA,NA,NA,NA,NA,NA,NA,NA,NA
2021,A&M-Corpus Christi Islanders,00,Morgan Westbury,"Westbury, Morgan",Morgan,Westbury,Fr,F,14,5,NA,NA,0,14,12,NA,NA,NA,NA,NA,NA,NA,NA,NA,NA,NA,NA,NA,NA,NA,NA,NA,NA,NA,NA,NA
2021,A&M-Corpus Christi Islanders,4,Carmen Cervantez,"Cervantez, Carmen",Carmen,Cervantez,Fr,M,14,0,NA,1,1,1,3,NA,NA,NA,NA,NA,NA,NA,NA,NA,NA,NA,NA,NA,NA,NA,NA,NA,NA,NA,NA,NA
2021,A&M-Corpus Christi Islanders,26,Raegan Sharer,"Sharer, Raegan",Raegan,Sharer,Fr,D,14,0,NA,1,1,4,3,NA,NA,NA,NA,NA,NA,NA,NA,NA,NA,NA,NA,NA,NA,NA,NA,NA,NA,NA,NA,NA
2021,A&M-Corpus Christi Islanders,13,Olivia Alvarez,"Alvarez, Olivia",Olivia,Alvarez,So,M,14,12,1,2,4,14,11,NA,1,NA,NA,NA,NA,NA,NA,NA,NA,NA,NA,NA,NA,NA,NA,NA,NA,1,NA,NA
2021,A&M-Corpus Christi Islanders,1,Kennedy Stelling,"Stelling, Kennedy",Kennedy,Stelling,So,GK,10,10,NA,NA,0,NA,NA,NA,NA,NA,NA,NA,895:00,15,1.508,72,0.828,NA,2,2,6,NA,NA,NA,NA,NA,NA,NA
2021,A&M-Corpus Christi Islanders,42,Emily Levy,"Levy, Emily",Emily,Levy,Fr,GK,10,9,NA,NA,0,NA,NA,NA,NA,NA,NA,NA,855:00,12,1.263,39,0.765,NA,3,4,5,NA,NA,NA,NA,NA,NA,NA
2021,A&M-Corpus Christi Islanders,6,Molly Arens,"Arens, Molly",Molly,Arens,So,D,8,8,NA,NA,0,9,7,NA,1,NA,NA,NA,NA,NA,NA,NA,NA,NA,NA,NA,NA,NA,NA,NA,NA,NA,NA,NA
2021,A&M-Corpus Christi Islanders,5,Josie Fountain,"Fountain, Josie",Josie,Fountain,Jr,D,7,0,NA,NA,0,NA,1,NA,NA,NA,NA,NA,NA,NA,NA,NA,NA,NA,NA,NA,NA,NA,NA,NA,NA,NA,NA,NA
2021,A&M-Corpus Christi Islanders,11,Jenna Bodron,"Bodron, Jenna",Jenna,Bodron,Fr,D,5,0,NA,NA,0,NA,NA,NA,1,NA,NA,NA,NA,NA,NA,NA,NA,NA,NA,NA,NA,NA,NA,NA,NA,NA,NA,NA
2021,Abilene Christian Wildcats,21,Hannah Gage,"Gage, Hannah",Hannah,Gage,So,D,16,14,NA,1,1,9,4,NA,NA,NA,NA,NA,NA,NA,NA,NA,NA,NA,NA,NA,NA,NA,NA,NA,NA,NA,NA,NA
2021,Abilene Christian Wildcats,3,Ellen Joss,"Joss, Ellen",Ellen,Joss,Sr,D,16,16,1,NA,2,11,3,NA,NA,NA,NA,NA,NA,NA,NA,NA,NA,NA,NA,NA,NA,NA,NA,NA,NA,1,NA,NA
2021,Abilene Christian Wildcats,00,Lily Foster,"Foster, Lily",Lily,Foster,Fr,GK,16,16,NA,NA,0,NA,NA,NA,NA,NA,NA,NA,1489:09,26,1.571,77,0.748,NA,2,6,9,NA,NA,NA,NA,NA,NA,NA
2021,Abilene Christian Wildcats,33,Caylen Wright,"Wright, Caylen",Caylen,Wright,Jr,F,16,13,3,NA,6,17,14,NA,3,NA,NA,NA,NA,NA,NA,NA,NA,NA,NA,NA,NA,NA,NA,NA,NA,1,NA,NA
2021,Abilene Christian Wildcats,9,Natalie Jones,"Jones, Natalie",Natalie,Jones,Jr,M,16,14,4,1,9,30,9,NA,NA,NA,NA,NA,NA,NA,NA,NA,NA,NA,NA,NA,NA,NA,NA,NA,1,2,NA,NA
2021,Abilene Christian Wildcats,10,Taylor Denn,"Denn, Taylor",Taylor,Denn,Fr,D,16,1,1,1,3,7,4,NA,NA,NA,NA,NA,NA,NA,NA,NA,NA,NA,NA,NA,NA,NA,NA,NA,NA,NA,NA,NA
2021,Abilene Christian Wildcats,24,Brianna Diaz,"Diaz, Brianna",Brianna,Diaz,Jr,F,16,11,NA,1,1,11,5,NA,1,NA,NA,NA,NA,NA,NA,NA,NA,NA,NA,NA,NA,NA,NA,NA,NA,NA,NA,NA
2021,Abilene Christian Wildcats,18,Megan Paul,"Paul, Megan",Megan,Paul,Sr,M,16,16,NA,NA,0,5,9,NA,2,NA,NA,NA,NA,NA,NA,NA,NA,NA,NA,NA,NA,NA,NA,NA,NA,NA,NA,NA
2021,Abilene Christian Wildcats,15,Emily Heidman,"Heidman, Emily",Emily,Heidman,Sr,D,16,15,2,NA,4,14,11,NA,NA,NA,NA,NA,NA,NA,NA,NA,NA,NA,NA,NA,NA,NA,NA,NA,NA,1,NA,NA
2021,Abilene Christian Wildcats,12,Natalie Wodka,"Wodka, Natalie",Natalie,Wodka,Sr,D,16,13,2,2,6,35,7,NA,NA,NA,NA,NA,NA,NA,NA,NA,NA,NA,NA,NA,NA,NA,NA,NA,NA,NA,NA,NA
2021,Abilene Christian Wildcats,26,Alyssia Anuat,"Anuat, Alyssia",Alyssia,Anuat,Sr,D,16,12,1,2,4,9,6,NA,NA,NA,NA,NA,NA,NA,NA,NA,NA,NA,NA,NA,NA,NA,NA,NA,NA,NA,NA,NA
2021,Abilene Christian Wildcats,11,Jordan Michie,"Michie, Jordan",Jordan,Michie,Jr,F,15,4,NA,NA,0,14,9,NA,NA,NA,NA,NA,NA,NA,NA,NA,NA,NA,NA,NA,NA,NA,NA,NA,NA,NA,NA,NA
2021,Abilene Christian Wildcats,14,Nicole Barham,"Barham, Nicole",Nicole,Barham,Jr,F,15,5,NA,2,2,13,11,1,1,NA,NA,NA,NA,NA,NA,NA,NA,NA,NA,NA,NA,NA,NA,NA,NA,NA,NA,NA
2021,Abilene Christian Wildcats,7,Christina Arteaga,"Arteaga, Christina",Christina,Arteaga,Sr,F,15,14,1,4,6,30,6,NA,NA,NA,NA,NA,NA,NA,NA,NA,NA,NA,NA,NA,NA,NA,NA,1,1,1,NA,NA
2021,Abilene Christian Wildcats,6,Macie Stephens,"Stephens, Macie",Macie,Stephens,Fr,D,14,5,NA,NA,0,NA,1,NA,NA,NA,NA,NA,NA,NA,NA,NA,NA,NA,NA,NA,NA,NA,NA,NA,NA,NA,NA,NA
2021,Abilene Christian Wildcats,8,Grace Ornelas,"Ornelas, Grace",Grace,Ornelas,Fr,D,14,1,NA,2,2,11,11,NA,NA,NA,NA,NA,NA,NA,NA,NA,NA,NA,NA,NA,NA,NA,NA,NA,NA,NA,NA,NA
2021,Abilene Christian Wildcats,27,Laura Mauldin,"Mauldin, Laura",Laura,Mauldin,Sr,F,13,2,2,NA,4,10,2,NA,NA,NA,NA,NA,NA,NA,NA,NA,NA,NA,NA,NA,NA,NA,NA,NA,NA,NA,NA,NA
2021,Abilene Christian Wildcats,19,Chayse Thorn,"Thorn, Chayse",Chayse,Thorn,Fr,D,13,1,3,2,8,11,3,NA,NA,NA,NA,NA,NA,NA,NA,NA,NA,NA,NA,NA,NA,NA,NA,NA,NA,NA,NA,NA
2021,Abilene Christian Wildcats,36,Faith Husbenet,"Husbenet, Faith",Faith,Husbenet,Jr,F,11,0,NA,NA,0,2,1,NA,NA,NA,NA,NA,NA,NA,NA,NA,NA,NA,NA,NA,NA,NA,NA,NA,NA,NA,NA,NA
2021,Abilene Christian Wildcats,23,Jazilyn Torres,"Torres, Jazilyn",Jazilyn,Torres,So,M,10,1,NA,NA,0,2,4,NA,2,NA,NA,NA,NA,NA,NA,NA,NA,NA,NA,NA,NA,NA,NA,NA,NA,NA,NA,NA
2021,Abilene Christian Wildcats,20,Paige Boucher,"Boucher, Paige",Paige,Boucher,Fr,F,4,1,NA,NA,0,1,NA,NA,NA,NA,NA,NA,NA,NA,NA,NA,NA,NA,NA,NA,NA,NA,NA,NA,NA,NA,NA,NA
2021,Abilene Christian Wildcats,17,Brennan Reuland,"Reuland, Brennan",Brennan,Reuland,Jr,M,2,1,NA,NA,0,1,NA,NA,NA,NA,NA,NA,NA,NA,NA,NA,NA,NA,NA,NA,NA,NA,NA,NA,NA,NA,NA,NA
2021,Abilene Christian Wildcats,5,Caylie Catalano,"Catalano, Caylie",Caylie,Catalano,Jr,D,1,0,NA,NA,0,NA,1,NA,NA,NA,NA,NA,NA,NA,NA,NA,NA,NA,NA,NA,NA,NA,NA,NA,NA,NA,NA,NA
2021,Air Force Falcons,20,Hannah Johnson,"Johnson, Hannah",Hannah,Johnson,Fr,D,18,17,NA,1,1,NA,7,NA,NA,NA,NA,NA,NA,NA,NA,NA,NA,NA,NA,NA,NA,NA,NA,NA,NA,NA,NA,NA
2021,Air Force Falcons,1,Cammi Bych,"Bych, Cammi",Cammi,Bych,So,GK,18,18,NA,NA,0,NA,NA,NA,NA,NA,NA,NA,1673:42,26,1.398,69,0.726,NA,4,6,10,NA,NA,NA,NA,NA,NA,NA
2021,Air Force Falcons,3,Faith Lee,"Lee, Faith",Faith,Lee,Jr,F,18,17,5,3,13,39,35,NA,4,NA,NA,NA,NA,NA,NA,NA,NA,NA,NA,NA,NA,NA,NA,NA,NA,1,NA,NA
2021,Air Force Falcons,11,Kayla Milford,"Milford, Kayla",Kayla,Milford,Jr,D,18,17,2,NA,4,14,15,NA,3,NA,NA,NA,NA,NA,NA,NA,NA,NA,NA,NA,NA,NA,NA,NA,NA,NA,NA,NA
2021,Air Force Falcons,17,Bella Colandrea,"Colandrea, Bella",Bella,Colandrea,Sr,D,18,18,NA,NA,0,14,11,NA,NA,NA,NA,NA,NA,NA,NA,NA,NA,NA,NA,NA,NA,NA,NA,NA,NA,NA,NA,NA
2021,Air Force Falcons,19,Ashlie Van Cleave,"Van Cleave, Ashlie",Ashlie,Van Cleave,Fr,D,17,8,1,2,4,1,9,NA,NA,NA,NA,NA,NA,NA,NA,NA,NA,NA,NA,NA,NA,NA,NA,NA,NA,1,NA,NA
2021,Air Force Falcons,8,Cassi Bych,"Bych, Cassi",Cassi,Bych,So,D,17,9,1,NA,2,24,3,NA,NA,NA,NA,NA,NA,NA,NA,NA,NA,NA,NA,NA,NA,NA,NA,NA,NA,NA,NA,NA
2021,Air Force Falcons,10,Catherine Bakken,"Bakken, Catherine",Catherine,Bakken,Jr,M,17,13,NA,3,3,8,8,NA,NA,NA,NA,NA,NA,NA,NA,NA,NA,NA,NA,NA,NA,NA,NA,NA,NA,NA,NA,NA
2021,Air Force Falcons,12,Jenna Rubidoux,"Rubidoux, Jenna",Jenna,Rubidoux,Fr,D,17,11,1,NA,2,12,4,NA,NA,NA,NA,NA,NA,NA,NA,NA,NA,NA,NA,NA,NA,NA,NA,NA,NA,1,NA,NA
2021,Air Force Falcons,22,Stella Rubidoux,"Rubidoux, Stella",Stella,Rubidoux,Fr,D,17,11,NA,NA,0,10,16,NA,4,NA,NA,NA,NA,NA,NA,NA,NA,NA,NA,NA,NA,NA,NA,NA,NA,NA,NA,NA
2021,Air Force Falcons,15,Jennifer McFadden,"McFadden, Jennifer",Jennifer,McFadden,Jr,D,16,8,1,1,3,9,13,NA,3,NA,NA,NA,NA,NA,NA,NA,NA,NA,NA,NA,NA,NA,NA,NA,NA,NA,NA,NA
2021,Air Force Falcons,21,Kendall Ahern,"Ahern, Kendall",Kendall,Ahern,Fr,D,16,14,NA,1,1,3,3,NA,NA,NA,NA,NA,NA,NA,NA,NA,NA,NA,NA,NA,NA,NA,NA,NA,NA,NA,NA,NA
2021,Air Force Falcons,2,Jordi Ives,"Ives, Jordi",Jordi,Ives,So,F,15,7,1,NA,2,18,4,NA,1,NA,NA,NA,NA,NA,NA,NA,NA,NA,NA,NA,NA,NA,NA,NA,NA,1,NA,NA
2021,Air Force Falcons,6,Hailey Ramos,"Ramos, Hailey",Hailey,Ramos,Fr,M,15,6,1,1,3,5,6,NA,NA,NA,NA,NA,NA,NA,NA,NA,NA,NA,NA,NA,NA,NA,NA,NA,NA,NA,NA,NA
2021,Air Force Falcons,4,Mia Otero,"Otero, Mia",Mia,Otero,Fr,F,12,6,3,NA,6,15,10,NA,NA,NA,NA,NA,NA,NA,NA,NA,NA,NA,NA,NA,NA,NA,NA,NA,NA,1,NA,NA
2021,Air Force Falcons,5,Grace Sublette,"Sublette, Grace",Grace,Sublette,So,M,12,4,NA,NA,0,4,1,NA,NA,NA,NA,NA,NA,NA,NA,NA,NA,NA,NA,NA,NA,NA,NA,NA,NA,NA,NA,NA
2021,Air Force Falcons,18,Cam Karras,"Karras, Cam",Cam,Karras,Jr,M,12,2,NA,NA,0,3,2,NA,1,NA,NA,NA,NA,NA,NA,NA,NA,NA,NA,NA,NA,NA,NA,NA,NA,NA,NA,NA
2021,Air Force Falcons,28,Jessie Boult,"Boult, Jessie",Jessie,Boult,Fr,F,11,3,NA,NA,0,6,3,NA,NA,NA,NA,NA,NA,NA,NA,NA,NA,NA,NA,NA,NA,NA,NA,NA,NA,NA,NA,NA
2021,Air Force Falcons,24,Abbigail Copp,"Copp, Abbigail",Abbigail,Copp,Fr,F,9,1,NA,NA,0,6,NA,NA,NA,NA,NA,NA,NA,NA,NA,NA,NA,NA,NA,NA,NA,NA,NA,NA,NA,NA,NA,NA
2021,Air Force Falcons,23,Tatiana Limon,"Limon, Tatiana",Tatiana,Limon,Sr,M,8,3,2,NA,4,5,2,NA,1,NA,NA,NA,NA,NA,NA,NA,NA,NA,NA,NA,NA,NA,NA,NA,NA,1,NA,NA
2021,Air Force Falcons,25,Chaise Enderle,"Enderle, Chaise",Chaise,Enderle,Fr,M,7,1,NA,NA,0,2,4,NA,NA,NA,NA,NA,NA,NA,NA,NA,NA,NA,NA,NA,NA,NA,NA,NA,NA,NA,NA,NA
2021,Air Force Falcons,26,Andrea Mosher,"Mosher, Andrea",Andrea,Mosher,Fr,M,7,3,NA,NA,0,4,4,NA,NA,NA,NA,NA,NA,NA,NA,NA,NA,NA,NA,NA,NA,NA,NA,NA,NA,NA,NA,NA
2021,Air Force Falcons,27,Madisen Olmstead,"Olmstead, Madisen",Madisen,Olmstead,Fr,D,3,0,NA,NA,0,NA,1,NA,NA,NA,NA,NA,NA,NA,NA,NA,NA,NA,NA,NA,NA,NA,NA,NA,NA,NA,NA,NA
2021,Air Force Falcons,00,Sydney Davis,"Davis, Sydney",Sydney,Davis,So,GK,1,0,NA,NA,0,NA,NA,NA,NA,NA,NA,NA,26:40,0,0,4,1,NA,NA,NA,NA,NA,NA,NA,NA,NA,NA,NA
2021,Akron Zips,24,Morgan Shansky,"Shansky, Morgan",Morgan,Shansky,Fr,M,19,15,NA,NA,0,14,4,NA,1,NA,NA,NA,NA,NA,NA,NA,NA,NA,NA,NA,NA,NA,NA,NA,NA,NA,NA,NA
2021,Akron Zips,3,Caitlin Bruni,"Bruni, Caitlin",Caitlin,Bruni,Fr,D,19,12,NA,1,1,8,7,NA,1,NA,NA,NA,NA,NA,NA,NA,NA,NA,NA,NA,NA,NA,NA,NA,NA,NA,NA,NA
2021,Akron Zips,8,Sarah Nguyen,"Nguyen, Sarah",Sarah,Nguyen,Fr,M,19,19,NA,4,4,16,18,NA,1,NA,NA,NA,NA,NA,NA,NA,NA,NA,NA,NA,NA,NA,NA,NA,NA,NA,NA,NA
2021,Akron Zips,7,Annabel Thomas,"Thomas, Annabel",Annabel,Thomas,Fr,F,19,4,NA,2,2,11,7,NA,1,NA,NA,NA,NA,NA,NA,NA,NA,NA,NA,NA,NA,NA,NA,NA,NA,NA,NA,NA
2021,Akron Zips,14,Aislinn Meaney,"Meaney, Aislinn",Aislinn,Meaney,Jr,F,19,18,1,1,3,31,15,NA,NA,NA,NA,NA,NA,NA,NA,NA,NA,NA,NA,NA,NA,NA,NA,NA,NA,NA,NA,NA
2021,Akron Zips,19,Sydney Ward,"Ward, Sydney",Sydney,Ward,Jr,M,19,15,NA,NA,0,5,13,NA,NA,NA,NA,NA,NA,NA,NA,NA,NA,NA,NA,NA,NA,NA,NA,NA,NA,NA,NA,NA
2021,Akron Zips,10,Carly Pcholinsky,"Pcholinsky, Carly",Carly,Pcholinsky,Jr,M,19,18,1,NA,2,21,11,NA,2,NA,NA,NA,NA,NA,NA,NA,NA,NA,NA,NA,NA,NA,NA,NA,NA,NA,NA,NA
2021,Akron Zips,9,Sydney Worthy,"Worthy, Sydney",Sydney,Worthy,Jr,F,19,17,2,NA,4,22,10,NA,NA,NA,NA,NA,NA,NA,NA,NA,NA,NA,NA,NA,NA,NA,NA,NA,NA,NA,NA,NA
2021,Akron Zips,0,Penelope Cuirinier,"Cuirinier, Penelope",Penelope,Cuirinier,Fr,GK,18,18,NA,NA,0,NA,NA,NA,NA,NA,3,3,1640:00,34,1.866,91,0.728,NA,3,3,14,NA,NA,NA,NA,NA,NA,NA
2021,Akron Zips,18,Katie Stafford,"Stafford, Katie",Katie,Stafford,Fr,D,18,18,4,1,9,9,9,NA,1,NA,NA,NA,NA,NA,NA,NA,NA,NA,NA,NA,NA,NA,NA,1,1,2,NA,NA
2021,Akron Zips,20,Bailee Bowers,"Bowers, Bailee",Bailee,Bowers,So,M,17,11,1,NA,2,3,8,NA,NA,NA,NA,NA,NA,NA,NA,NA,NA,NA,NA,NA,NA,NA,NA,NA,NA,NA,NA,NA
2021,Akron Zips,6,Morgan Pentz,"Pentz, Morgan",Morgan,Pentz,Fr,M,17,8,1,NA,2,17,7,NA,1,NA,NA,NA,NA,NA,NA,NA,NA,NA,NA,NA,NA,NA,NA,NA,NA,NA,NA,NA
2021,Akron Zips,33,Calli Swisher,"Swisher, Calli",Calli,Swisher,Fr,F,13,0,1,NA,2,9,3,NA,NA,NA,NA,NA,NA,NA,NA,NA,NA,NA,NA,NA,NA,NA,NA,NA,NA,1,NA,NA
2021,Akron Zips,5,Katharina Bilz,"Bilz, Katharina",Katharina,Bilz,Fr,D,12,11,NA,NA,0,1,3,NA,NA,NA,NA,NA,NA,NA,NA,NA,NA,NA,NA,NA,NA,NA,NA,NA,NA,NA,NA,NA
2021,Akron Zips,22,Clara Knoepke,"Knoepke, Clara",Clara,Knoepke,Fr,M,12,4,NA,NA,0,NA,1,NA,NA,NA,NA,NA,NA,NA,NA,NA,NA,NA,NA,NA,NA,NA,NA,NA,NA,NA,NA,NA
2021,Akron Zips,12,Rielyn Hamilton,"Hamilton, Rielyn",Rielyn,Hamilton,Fr,D,11,11,1,NA,2,5,4,NA,NA,NA,NA,NA,NA,NA,NA,NA,NA,NA,NA,NA,NA,NA,NA,NA,NA,NA,NA,NA
2021,Akron Zips,16,Quinn Casey,"Casey, Quinn",Quinn,Casey,Fr,M,10,1,NA,NA,0,2,NA,NA,NA,NA,NA,NA,NA,NA,NA,NA,NA,NA,NA,NA,NA,NA,NA,NA,NA,NA,NA,NA
2021,Akron Zips,4,Kayleigh Penton,"Penton, Kayleigh",Kayleigh,Penton,Jr,M,10,6,NA,NA,0,1,1,NA,NA,NA,NA,NA,NA,NA,NA,NA,NA,NA,NA,NA,NA,NA,NA,NA,NA,NA,NA,NA
2021,Akron Zips,23,Ella Hadley,"Hadley, Ella",Ella,Hadley,Fr,M,9,2,NA,NA,0,3,4,NA,NA,NA,NA,NA,NA,NA,NA,NA,NA,NA,NA,NA,NA,NA,NA,NA,NA,NA,NA,NA
2021,Akron Zips,17,Julia Kressig,"Kressig, Julia",Julia,Kressig,Fr,M,3,0,NA,NA,0,1,2,NA,NA,NA,NA,NA,NA,NA,NA,NA,NA,NA,NA,NA,NA,NA,NA,NA,NA,NA,NA,NA
2021,Akron Zips,1,Vanessa Berlin,"Berlin, Vanessa",Vanessa,Berlin,So,GK,1,1,NA,NA,0,NA,NA,NA,NA,NA,NA,NA,90:00,3,3,3,0.5,NA,NA,NA,1,NA,NA,NA,NA,NA,NA,NA
2021,Alabama Crimson Tide,7,Gessica Skorka,"Skorka, Gessica",Gessica,Skorka,So,D,22,18,NA,2,2,14,10,NA,4,NA,NA,NA,NA,NA,NA,NA,NA,NA,NA,NA,NA,NA,NA,NA,NA,NA,NA,NA
2021,Alabama Crimson Tide,4,Tanna Sanchez-Carreto,"Sanchez-Carreto, Tanna",Tanna,Sanchez-Carreto,So,D,22,16,1,2,4,13,6,NA,1,NA,NA,NA,NA,NA,NA,NA,NA,NA,NA,NA,NA,NA,NA,NA,NA,1,NA,NA
2021,Alabama Crimson Tide,8,Felicia Knox,"Knox, Felicia",Felicia,Knox,So,M,22,21,3,3,9,43,19,NA,NA,NA,NA,NA,NA,NA,NA,NA,NA,NA,NA,NA,NA,NA,NA,NA,NA,1,NA,NA
2021,Alabama Crimson Tide,17,Kate Henderson,"Henderson, Kate",Kate,Henderson,So,M,22,14,5,2,12,25,12,NA,1,NA,NA,NA,NA,NA,NA,NA,NA,NA,NA,NA,NA,NA,NA,NA,NA,1,NA,NA
2021,Alabama Crimson Tide,25,Allie Berk,"Berk, Allie",Allie,Berk,Jr,M,22,11,3,1,7,15,9,NA,NA,NA,NA,NA,NA,NA,NA,NA,NA,NA,NA,NA,NA,NA,NA,NA,NA,2,NA,NA
2021,Alabama Crimson Tide,6,Sasha Pickard,"Pickard, Sasha",Sasha,Pickard,Jr,D,22,22,NA,NA,0,8,21,NA,5,NA,NA,NA,NA,NA,NA,NA,NA,NA,NA,NA,NA,NA,NA,NA,NA,NA,NA,NA
2021,Alabama Crimson Tide,5,Bella Scaturro,"Scaturro, Bella",Bella,Scaturro,Jr,D,22,19,1,1,3,6,11,NA,1,NA,NA,NA,NA,NA,NA,NA,NA,NA,NA,NA,NA,NA,NA,NA,NA,NA,NA,NA
2021,Alabama Crimson Tide,2,Macy Clem,"Clem, Macy",Macy,Clem,Jr,M,22,22,3,1,7,26,30,NA,4,NA,NA,NA,NA,NA,NA,NA,NA,NA,NA,NA,NA,NA,NA,NA,NA,NA,NA,NA
2021,Alabama Crimson Tide,19,Ashlynn Serepca,"Serepca, Ashlynn",Ashlynn,Serepca,Sr,F,22,22,5,3,13,40,18,NA,NA,NA,NA,NA,NA,NA,NA,NA,NA,NA,NA,NA,NA,NA,NA,1,1,1,NA,NA
2021,Alabama Crimson Tide,1,McKinley Crone,"Crone, McKinley",McKinley,Crone,Sr,GK,22,20,NA,NA,0,NA,NA,NA,1,NA,NA,NA,1793:37,29,1.455,71,0.71,1,6,11,7,NA,NA,NA,NA,NA,NA,NA
2021,Alabama Crimson Tide,15,Kat Rogers,"Rogers, Kat",Kat,Rogers,Sr,M,21,12,NA,3,3,25,8,NA,1,NA,NA,NA,NA,NA,NA,NA,NA,NA,NA,NA,NA,NA,NA,NA,NA,NA,NA,NA
2021,Alabama Crimson Tide,16,Reyna Reyes,"Reyes, Reyna",Reyna,Reyes,Jr,M,20,20,3,1,7,33,20,NA,2,NA,NA,NA,NA,NA,NA,NA,NA,NA,NA,NA,NA,NA,NA,NA,NA,2,NA,NA
2021,Alabama Crimson Tide,22,Leah Kunde,"Kunde, Leah",Leah,Kunde,Fr,M,20,1,2,NA,4,14,12,NA,NA,NA,NA,NA,NA,NA,NA,NA,NA,NA,NA,NA,NA,NA,NA,NA,NA,NA,NA,NA
2021,Alabama Crimson Tide,12,Riley Tanner,"Tanner, Riley",Riley,Tanner,Sr,F,18,12,3,3,9,20,16,NA,3,NA,NA,NA,NA,NA,NA,NA,NA,NA,NA,NA,NA,NA,NA,NA,NA,3,NA,NA
2021,Alabama Crimson Tide,9,Aislin Streicek,"Streicek, Aislin",Aislin,Streicek,Fr,F,14,1,NA,2,2,9,8,NA,NA,NA,NA,NA,NA,NA,NA,NA,NA,NA,NA,NA,NA,NA,NA,NA,NA,NA,NA,NA
2021,Alabama Crimson Tide,18,Emelie Kobler,"Kobler, Emelie",Emelie,Kobler,Fr,F,14,2,NA,NA,0,10,7,NA,NA,NA,NA,NA,NA,NA,NA,NA,NA,NA,NA,NA,NA,NA,NA,NA,NA,NA,NA,NA
2021,Alabama Crimson Tide,14,Madison Schott,"Schott, Madison",Madison,Schott,Fr,D,12,0,NA,NA,0,NA,1,NA,1,NA,NA,NA,NA,NA,NA,NA,NA,NA,NA,NA,NA,NA,NA,NA,NA,NA,NA,NA
2021,Alabama Crimson Tide,23,Raigen Powell,"Powell, Raigen",Raigen,Powell,Fr,M,10,6,NA,NA,0,5,9,NA,NA,NA,NA,NA,NA,NA,NA,NA,NA,NA,NA,NA,NA,NA,NA,NA,NA,NA,NA,NA
2021,Alabama Crimson Tide,21,Taylor Carter,"Carter, Taylor",Taylor,Carter,So,M,7,0,NA,1,1,1,NA,NA,NA,NA,NA,NA,NA,NA,NA,NA,NA,NA,NA,NA,NA,NA,NA,NA,NA,NA,NA,NA
2021,Alabama Crimson Tide,24,Kolbi Coleman,"Coleman, Kolbi",Kolbi,Coleman,Fr,F,6,0,NA,NA,0,1,1,NA,NA,NA,NA,NA,NA,NA,NA,NA,NA,NA,NA,NA,NA,NA,NA,NA,NA,NA,NA,NA
2021,Alabama Crimson Tide,11,Brooke Bollinger,"Bollinger, Brooke",Brooke,Bollinger,Sr,GK,5,2,NA,NA,0,NA,NA,NA,NA,NA,NA,NA,227:09,5,1.981,5,0.5,1,NA,NA,3,NA,NA,NA,NA,NA,NA,NA
2021,Alabama Crimson Tide,3,Brooke Steere,"Steere, Brooke",Brooke,Steere,Fr,F,3,1,NA,1,1,3,NA,NA,NA,NA,NA,NA,NA,NA,NA,NA,NA,NA,NA,NA,NA,NA,NA,NA,NA,NA,NA,NA
2021,Alabama Crimson Tide,13,Morgan Quillen,"Quillen, Morgan",Morgan,Quillen,Fr,M,3,0,NA,NA,0,NA,1,NA,NA,NA,NA,NA,NA,NA,NA,NA,NA,NA,NA,NA,NA,NA,NA,NA,NA,NA,NA,NA
2021,Alabama A&M Bulldogs,10,Laura Jansa,"Jansa, Laura",Laura,Jansa,Jr,F,19,11,3,3,9,15,10,NA,1,NA,NA,NA,NA,NA,NA,NA,NA,NA,NA,NA,NA,NA,NA,NA,1,1,NA,NA
2021,Alabama A&M Bulldogs,23,Gabby Cumby,"Cumby, Gabby",Gabby,Cumby,So,F,19,16,3,2,8,18,8,NA,NA,NA,NA,NA,NA,NA,NA,NA,NA,NA,NA,NA,NA,NA,NA,NA,NA,1,NA,NA
2021,Alabama A&M Bulldogs,19,Makayla Rushing,"Rushing, Makayla",Makayla,Rushing,Jr,NA,19,19,10,3,23,36,14,NA,3,NA,NA,NA,NA,NA,NA,NA,NA,NA,NA,NA,NA,NA,NA,1,1,4,NA,NA
2021,Alabama A&M Bulldogs,31,Tehya Beadles,"Beadles, Tehya",Tehya,Beadles,Sr,NA,19,15,2,NA,4,3,4,NA,1,NA,NA,NA,NA,NA,NA,NA,NA,NA,NA,NA,NA,NA,NA,NA,NA,NA,NA,NA
2021,Alabama A&M Bulldogs,1,Jodi Medina,"Medina, Jodi",Jodi,Medina,Sr,G,19,19,NA,NA,0,NA,NA,NA,NA,NA,8,8,1743:53,34,1.755,142,0.807,NA,9,10,8,NA,NA,NA,NA,NA,NA,NA
2021,Alabama A&M Bulldogs,5,Marissa Horton,"Horton, Marissa",Marissa,Horton,Sr,NA,19,6,2,NA,4,10,11,NA,NA,NA,NA,NA,NA,NA,NA,NA,NA,NA,NA,NA,NA,NA,NA,NA,NA,NA,NA,NA
2021,Alabama A&M Bulldogs,14,Brooke Linney,"Linney, Brooke",Brooke,Linney,Fr,D,18,4,NA,NA,0,3,5,NA,NA,NA,NA,NA,NA,NA,NA,NA,NA,NA,NA,NA,NA,NA,NA,NA,NA,NA,NA,NA
2021,Alabama A&M Bulldogs,32,Victoria Mealing,"Mealing, Victoria",Victoria,Mealing,So,M,18,14,1,NA,2,3,1,NA,NA,NA,NA,NA,NA,NA,NA,NA,NA,NA,NA,NA,NA,NA,NA,NA,NA,NA,NA,NA
2021,Alabama A&M Bulldogs,4,Taylor Watson,"Watson, Taylor",Taylor,Watson,Jr,NA,17,15,NA,2,2,4,20,NA,4,NA,NA,NA,NA,NA,NA,NA,NA,NA,NA,NA,NA,NA,NA,NA,NA,NA,NA,NA
2021,Alabama A&M Bulldogs,21,Amaya Gill,"Gill, Amaya",Amaya,Gill,Jr,NA,17,9,NA,NA,0,2,4,NA,NA,NA,NA,NA,NA,NA,NA,NA,NA,NA,NA,NA,NA,NA,NA,NA,NA,NA,NA,NA
2021,Alabama A&M Bulldogs,20,Tateyana Pitter,"Pitter, Tateyana",Tateyana,Pitter,Sr,M,17,14,NA,1,1,6,5,NA,1,NA,NA,NA,NA,NA,NA,NA,NA,NA,NA,NA,NA,NA,NA,NA,NA,NA,NA,NA
2021,Alabama A&M Bulldogs,33,Alana Paul,"Paul, Alana",Alana,Paul,Fr,M,16,16,1,1,3,4,4,NA,1,NA,NA,NA,NA,NA,NA,NA,NA,NA,NA,NA,NA,1,NA,NA,NA,NA,NA,NA
2021,Alabama A&M Bulldogs,7,Sherice Clark,"Clark, Sherice",Sherice,Clark,Sr,M,16,12,NA,4,4,7,7,NA,NA,NA,NA,NA,NA,NA,NA,NA,NA,NA,NA,NA,NA,NA,NA,NA,NA,NA,NA,NA
2021,Alabama A&M Bulldogs,8,Fernanda Valencia,"Valencia, Fernanda",Fernanda,Valencia,So,M,14,5,2,NA,4,8,11,NA,NA,NA,NA,NA,NA,NA,NA,NA,NA,NA,NA,NA,NA,NA,NA,NA,NA,1,NA,NA
2021,Alabama A&M Bulldogs,18,Arielle Fortune,"Fortune, Arielle",Arielle,Fortune,Sr,NA,14,5,NA,NA,0,1,5,NA,NA,NA,NA,NA,NA,NA,NA,NA,NA,NA,NA,NA,NA,NA,NA,NA,NA,NA,NA,NA
2021,Alabama A&M Bulldogs,6,Jameela Barrett,"Barrett, Jameela",Jameela,Barrett,Jr,NA,13,11,3,1,7,22,11,NA,NA,NA,NA,NA,NA,NA,NA,NA,NA,NA,NA,NA,NA,NA,NA,1,1,3,NA,NA
2021,Alabama A&M Bulldogs,33,Brea Mitchell,"Mitchell, Brea",Brea,Mitchell,Fr,D,10,0,NA,NA,0,1,1,NA,NA,NA,NA,NA,NA,NA,NA,NA,NA,NA,NA,NA,NA,NA,NA,NA,NA,NA,NA,NA
2021,Alabama A&M Bulldogs,15,Unique Ward,"Ward, Unique",Unique,Ward,Fr,F,10,0,NA,NA,0,1,2,NA,NA,NA,NA,NA,NA,NA,NA,NA,NA,NA,NA,NA,NA,NA,NA,NA,NA,NA,NA,NA
2021,Alabama A&M Bulldogs,22,Lauryn Christophe,"Christophe, Lauryn",Lauryn,Christophe,Fr,F,9,9,1,1,3,11,2,NA,NA,NA,NA,NA,NA,NA,NA,NA,NA,NA,NA,NA,NA,NA,NA,NA,NA,NA,NA,NA
2021,Alabama A&M Bulldogs,3,Taylor Stokes,"Stokes, Taylor",Taylor,Stokes,Jr,D,4,4,NA,NA,0,1,2,NA,NA,NA,NA,NA,NA,NA,NA,NA,NA,NA,NA,NA,NA,NA,NA,NA,NA,NA,NA,NA
2021,Alabama A&M Bulldogs,16,Delia Ebbin,"Ebbin, Delia",Delia,Ebbin,Jr,NA,2,2,NA,NA,0,3,2,NA,NA,NA,NA,NA,NA,NA,NA,NA,NA,NA,NA,NA,NA,NA,NA,NA,NA,NA,NA,NA
2021,Alabama A&M Bulldogs,26,Chantal Williams,"Williams, Chantal",Chantal,Williams,Jr,NA,1,0,NA,NA,0,1,NA,NA,NA,NA,NA,NA,NA,NA,NA,NA,NA,NA,NA,NA,NA,NA,NA,NA,NA,NA,NA,NA
2021,Alabama A&M Bulldogs,0,Madalynn Tanksley,"Tanksley, Madalynn",Madalynn,Tanksley,Fr,F,1,1,NA,NA,0,NA,NA,NA,NA,NA,1,1,NA,NA,NA,3,NA,NA,NA,NA,NA,NA,NA,NA,NA,NA,NA,NA
2021,Alabama St. Lady Hornets,2,Kristen Thomas,"Thomas, Kristen",Kristen,Thomas,Jr,D,19,19,NA,2,2,8,5,9,NA,1,NA,NA,NA,NA,NA,NA,NA,NA,NA,NA,NA,NA,NA,NA,NA,NA,NA,NA
2021,Alabama St. Lady Hornets,12,Sunny Bowlin-Stacy,"Bowlin-Stacy, Sunny",Sunny,Bowlin-Stacy,Fr,F,19,6,1,3,5,16,9,8,NA,NA,NA,NA,NA,NA,NA,NA,NA,NA,NA,NA,NA,NA,NA,NA,NA,NA,1,NA
2021,Alabama St. Lady Hornets,9,Camila Jiminez,"Jiminez, Camila",Camila,Jiminez,Fr,M,19,19,6,NA,12,45,21,13,NA,1,NA,NA,NA,NA,NA,NA,NA,NA,NA,NA,NA,NA,NA,NA,NA,1,2,NA
2021,Alabama St. Lady Hornets,5,Katherine Nedved,"Nedved, Katherine",Katherine,Nedved,Fr,M,19,11,1,1,3,14,7,2,NA,NA,NA,NA,NA,NA,NA,NA,NA,NA,NA,NA,NA,NA,NA,NA,NA,NA,NA,NA
2021,Alabama St. Lady Hornets,22,Alexa Delong,"Delong, Alexa",Alexa,Delong,So,M,19,17,1,2,4,8,5,6,NA,NA,NA,NA,NA,NA,NA,NA,NA,NA,NA,NA,NA,NA,NA,NA,NA,NA,1,NA
2021,Alabama St. Lady Hornets,10,Grace Norbury,"Norbury, Grace",Grace,Norbury,So,M,19,18,1,NA,2,18,7,7,NA,2,NA,NA,NA,NA,NA,NA,NA,NA,NA,NA,NA,NA,NA,NA,NA,NA,1,NA
2021,Alabama St. Lady Hornets,19,Paige Patton,"Patton, Paige",Paige,Patton,Jr,D,19,19,NA,NA,0,3,2,NA,NA,NA,NA,NA,NA,NA,NA,NA,NA,NA,NA,NA,NA,NA,NA,NA,NA,1,NA,NA
2021,Alabama St. Lady Hornets,8,Isabella Beortegui,"Beortegui, Isabella",Isabella,Beortegui,Jr,M,19,18,4,2,10,37,23,7,NA,1,NA,NA,NA,NA,NA,NA,NA,NA,NA,NA,NA,NA,NA,NA,NA,NA,1,NA
2021,Alabama St. Lady Hornets,13,McKenna Wiscombe,"Wiscombe, McKenna",McKenna,Wiscombe,Sr,F,18,18,5,2,12,42,20,8,NA,1,NA,NA,NA,NA,NA,NA,NA,NA,NA,NA,NA,NA,NA,NA,3,3,NA,NA
2021,Alabama St. Lady Hornets,3,Kayleigh ONeal,"ONeal, Kayleigh",Kayleigh,ONeal,Jr,M,18,18,NA,NA,0,1,1,10,NA,3,NA,NA,NA,NA,NA,NA,NA,NA,NA,NA,NA,NA,NA,NA,NA,NA,NA,NA
2021,Alabama St. Lady Hornets,6,Brooklyn Broderick,"Broderick, Brooklyn",Brooklyn,Broderick,Fr,M,18,0,1,NA,2,8,4,NA,NA,NA,NA,NA,NA,NA,NA,NA,NA,NA,NA,NA,NA,NA,NA,NA,NA,NA,NA,NA
2021,Alabama St. Lady Hornets,14,Kassandra Schoen,"Schoen, Kassandra",Kassandra,Schoen,So,F,18,13,NA,2,2,21,10,NA,1,NA,NA,NA,NA,NA,NA,NA,NA,NA,NA,NA,NA,NA,NA,NA,NA,NA,NA,NA
2021,Alabama St. Lady Hornets,4,Madison Tyler,"Tyler, Madison",Madison,Tyler,Fr,D,16,5,NA,NA,0,3,7,NA,NA,NA,NA,NA,NA,NA,NA,NA,NA,NA,NA,NA,NA,NA,NA,NA,NA,NA,NA,NA
2021,Alabama St. Lady Hornets,1,Sheila Sanchez,"Sanchez, Sheila",Sheila,Sanchez,Jr,GK,15,15,NA,NA,0,NA,1,NA,NA,NA,4,4,1412:13,20,1.275,90,0.818,NA,4,6,7,NA,NA,NA,NA,NA,NA,NA
2021,Alabama St. Lady Hornets,20,Janae Brown,"Brown, Janae",Janae,Brown,Sr,M,10,3,1,NA,2,9,3,NA,NA,NA,NA,NA,NA,NA,NA,NA,NA,NA,NA,NA,NA,NA,NA,NA,NA,1,NA,NA
2021,Alabama St. Lady Hornets,11,Zariya Holt,"Holt, Zariya",Zariya,Holt,Fr,F,10,0,1,NA,2,4,NA,NA,NA,NA,NA,NA,NA,NA,NA,NA,NA,NA,NA,NA,NA,NA,NA,NA,NA,NA,NA,NA
2021,Alabama St. Lady Hornets,16,Lauryn Evans,"Evans, Lauryn",Lauryn,Evans,Fr,F,9,0,NA,NA,0,5,NA,NA,NA,NA,NA,NA,NA,NA,NA,NA,NA,NA,NA,NA,NA,NA,NA,NA,NA,NA,NA,NA
2021,Alabama St. Lady Hornets,21,Jordan Pierce,"Pierce, Jordan",Jordan,Pierce,Fr,D,7,0,1,NA,2,3,1,NA,NA,NA,NA,NA,NA,NA,NA,NA,NA,NA,NA,NA,NA,NA,NA,NA,NA,NA,NA,NA
2021,Alabama St. Lady Hornets,18,Zelia Griffith,"Griffith, Zelia",Zelia,Griffith,So,D,6,3,NA,1,1,NA,1,NA,NA,NA,NA,NA,NA,NA,NA,NA,NA,NA,NA,NA,NA,NA,NA,NA,NA,NA,NA,NA
2021,Alabama St. Lady Hornets,17,Mary Martin Mooneyham,"Martin Mooneyham, Mary",Mary,Martin Mooneyham,Sr,D,5,1,NA,NA,0,1,NA,NA,NA,NA,NA,NA,NA,NA,NA,NA,NA,NA,NA,NA,NA,NA,NA,NA,NA,NA,NA,NA
2021,Alabama St. Lady Hornets,7,Madison Chambers,"Chambers, Madison",Madison,Chambers,Fr,F,4,2,NA,1,1,3,2,NA,NA,NA,NA,NA,NA,NA,NA,NA,NA,NA,NA,NA,NA,NA,NA,NA,NA,NA,NA,NA
2021,Alabama St. Lady Hornets,00,Lauriane Castonguay,"Castonguay, Lauriane",Lauriane,Castonguay,Jr,GK,4,4,NA,NA,0,NA,NA,NA,NA,NA,NA,2,2,NA,9,2.132,26,0.743,NA,1,2,3,NA,NA,NA,NA,NA,NA
2021,UAlbany Great Danes,6,Marisa Tava,"Tava, Marisa",Marisa,Tava,Jr,M,18,18,NA,3,3,37,14,NA,3,NA,NA,NA,NA,NA,NA,NA,NA,NA,NA,NA,NA,NA,NA,NA,NA,NA,NA,NA
2021,UAlbany Great Danes,12,Iola Cotter,"Cotter, Iola",Iola,Cotter,So,M,18,15,NA,NA,0,8,18,NA,2,NA,NA,NA,NA,NA,NA,NA,NA,NA,NA,NA,NA,NA,NA,NA,NA,NA,NA,NA
2021,UAlbany Great Danes,11,Natasha Fowler-Varon,"Fowler-Varon, Natasha",Natasha,Fowler-Varon,Jr,M,18,18,1,1,3,12,19,NA,NA,NA,NA,NA,NA,NA,NA,NA,NA,NA,NA,NA,NA,NA,NA,NA,NA,NA,NA,NA
2021,UAlbany Great Danes,29,Jada Colbert,"Colbert, Jada",Jada,Colbert,Sr,M,18,18,3,1,7,67,17,NA,NA,NA,NA,NA,NA,NA,NA,NA,NA,NA,NA,NA,NA,NA,NA,NA,NA,1,NA,NA
2021,UAlbany Great Danes,31,Margot Nezaj,"Nezaj, Margot",Margot,Nezaj,So,D,17,16,NA,NA,0,4,10,NA,NA,NA,NA,NA,NA,NA,NA,NA,NA,NA,NA,NA,NA,NA,NA,NA,NA,NA,NA,NA
2021,UAlbany Great Danes,27,Jasmine Colbert,"Colbert, Jasmine",Jasmine,Colbert,Sr,F,16,16,9,1,19,77,10,1,NA,NA,NA,NA,NA,NA,NA,NA,NA,NA,NA,NA,NA,NA,NA,2,2,2,NA,NA
2021,UAlbany Great Danes,15,Olivia Piraino,"Piraino, Olivia",Olivia,Piraino,So,M,16,15,3,1,7,33,41,NA,1,NA,NA,NA,NA,NA,NA,NA,NA,NA,NA,NA,NA,NA,NA,NA,NA,2,NA,NA
2021,UAlbany Great Danes,14,Devon Schmitt,"Schmitt, Devon",Devon,Schmitt,So,D,16,14,1,2,4,10,10,NA,1,NA,NA,NA,NA,NA,NA,NA,NA,NA,NA,NA,NA,NA,NA,NA,NA,NA,NA,NA
2021,UAlbany Great Danes,10,Sophia Eifler,"Eifler, Sophia",Sophia,Eifler,Sr,M,15,11,1,1,3,5,12,NA,NA,NA,NA,NA,NA,NA,NA,NA,NA,NA,NA,NA,NA,NA,NA,NA,NA,NA,NA,NA
2021,UAlbany Great Danes,9,Tiffany Bernot,"Bernot, Tiffany",Tiffany,Bernot,Jr,M,14,2,NA,NA,0,4,5,NA,NA,NA,NA,NA,NA,NA,NA,NA,NA,NA,NA,NA,NA,NA,NA,NA,NA,NA,NA,NA
2021,UAlbany Great Danes,24,Amelia Smith,"Smith, Amelia",Amelia,Smith,Fr,D,13,8,NA,NA,0,NA,11,NA,NA,NA,NA,NA,NA,NA,NA,NA,NA,NA,NA,NA,NA,NA,NA,NA,NA,NA,NA,NA
2021,UAlbany Great Danes,23,Charlotte Takacsy,"Takacsy, Charlotte",Charlotte,Takacsy,So,D,13,12,NA,NA,0,3,6,NA,1,NA,NA,NA,NA,NA,NA,NA,NA,NA,NA,NA,NA,NA,NA,NA,NA,NA,NA,NA
2021,UAlbany Great Danes,00,Cassandra Coster,"Coster, Cassandra",Cassandra,Coster,Fr,GK,12,12,NA,NA,0,NA,NA,NA,NA,NA,1,1,1148:18,11,0.862,65,0.855,NA,5,5,4,NA,NA,NA,NA,NA,NA,NA
2021,UAlbany Great Danes,20,Sahara Zingano,"Zingano, Sahara",Sahara,Zingano,Jr,F,10,0,NA,NA,0,5,4,NA,NA,NA,NA,NA,NA,NA,NA,NA,NA,NA,NA,NA,NA,NA,NA,NA,NA,NA,NA,NA
2021,UAlbany Great Danes,4,Joanna Van Royen,"Van Royen, Joanna",Joanna,Van Royen,Fr,D,10,8,NA,NA,0,3,2,NA,1,NA,NA,NA,NA,NA,NA,NA,NA,NA,NA,NA,NA,NA,NA,NA,NA,NA,NA,NA
2021,UAlbany Great Danes,26,Brooke Pickett,"Pickett, Brooke",Brooke,Pickett,So,F,8,1,1,NA,2,2,1,NA,NA,NA,NA,NA,NA,NA,NA,NA,NA,NA,NA,NA,NA,NA,NA,NA,NA,NA,NA,NA
2021,UAlbany Great Danes,2,Hailey Summers,"Summers, Hailey",Hailey,Summers,Sr,D,7,7,NA,NA,0,2,2,NA,NA,NA,NA,NA,NA,NA,NA,NA,NA,NA,NA,NA,NA,NA,NA,NA,NA,NA,NA,NA
2021,UAlbany Great Danes,25,Shannon Litchfield,"Litchfield, Shannon",Shannon,Litchfield,Fr,F,7,0,1,NA,2,3,1,NA,NA,NA,NA,NA,NA,NA,NA,NA,NA,NA,NA,NA,NA,NA,NA,NA,NA,NA,NA,NA
2021,UAlbany Great Danes,0,Sophia Chen,"Chen, Sophia",Sophia,Chen,Sr,GK,6,6,NA,NA,0,NA,NA,NA,NA,NA,2,2,560:00,13,2.089,29,0.69,NA,NA,1,4,NA,NA,NA,NA,NA,NA,NA
2021,UAlbany Great Danes,21,Chloe Argenziano,"Argenziano, Chloe",Chloe,Argenziano,Sr,M,5,0,NA,NA,0,1,NA,NA,NA,NA,NA,NA,NA,NA,NA,NA,NA,NA,NA,NA,NA,NA,NA,NA,NA,NA,NA,NA
2021,UAlbany Great Danes,8,Christina Cernuto,"Cernuto, Christina",Christina,Cernuto,Sr,F,5,0,1,NA,2,3,NA,NA,NA,NA,NA,NA,NA,NA,NA,NA,NA,NA,NA,NA,NA,NA,NA,NA,NA,NA,NA,NA
2021,Alcorn Lady Braves,36,Charlie Bal,"Bal, Charlie",Charlie,Bal,Fr,F,16,12,2,NA,4,21,12,NA,1,NA,NA,NA,NA,NA,NA,NA,NA,NA,NA,NA,NA,NA,NA,NA,NA,NA,NA,NA
2021,Alcorn Lady Braves,19,Natacia Ruiz,"Ruiz, Natacia",Natacia,Ruiz,N/A,RIGHTWINGER,16,14,NA,NA,0,3,6,NA,1,NA,NA,NA,NA,NA,NA,NA,NA,NA,NA,NA,NA,NA,NA,NA,NA,NA,NA,NA
2021,Alcorn Lady Braves,21,Caitlyn Dungee,"Dungee, Caitlyn",Caitlyn,Dungee,Sr,D,16,16,NA,NA,0,NA,2,NA,NA,NA,NA,NA,NA,NA,NA,NA,NA,NA,NA,NA,NA,NA,NA,NA,NA,NA,NA,NA
2021,Alcorn Lady Braves,9,Rosalina Santoro,"Santoro, Rosalina",Rosalina,Santoro,So,F,16,4,1,1,3,18,3,NA,NA,NA,NA,NA,NA,NA,NA,NA,NA,NA,NA,NA,NA,NA,NA,NA,NA,NA,NA,NA
2021,Alcorn Lady Braves,15,Lauren Hill,"Hill, Lauren",Lauren,Hill,So,D,15,6,NA,NA,0,6,6,NA,NA,NA,NA,NA,NA,NA,NA,NA,NA,NA,NA,NA,NA,NA,NA,NA,NA,NA,NA,NA
2021,Alcorn Lady Braves,12,D'Ana Prieto,"Prieto, D'Ana",D'Ana,Prieto,Sr,M,15,13,2,1,5,17,5,NA,NA,NA,NA,NA,NA,NA,NA,NA,NA,NA,NA,NA,NA,NA,NA,1,1,NA,NA,NA
2021,Alcorn Lady Braves,16,Emily Serrato,"Serrato, Emily",Emily,Serrato,So,F,15,11,2,NA,4,12,6,NA,NA,NA,NA,NA,NA,NA,NA,NA,NA,NA,NA,NA,NA,NA,NA,NA,NA,NA,NA,NA
2021,Alcorn Lady Braves,7,Ceven Kidd,"Kidd, Ceven",Ceven,Kidd,So,F,15,11,NA,NA,0,3,5,NA,1,NA,NA,NA,NA,NA,NA,NA,NA,NA,NA,NA,NA,NA,NA,NA,NA,NA,NA,NA
2021,Alcorn Lady Braves,4,Vivian Lugo,"Lugo, Vivian",Vivian,Lugo,So,GK,14,13,NA,NA,0,NA,NA,NA,NA,NA,8,7,1199:01,54,4.053,99,0.647,NA,1,1,11,NA,NA,NA,NA,NA,NA,NA
2021,Alcorn Lady Braves,22,Mikayla Duncan,"Duncan, Mikayla",Mikayla,Duncan,Fr,M,14,10,1,NA,2,3,9,NA,NA,NA,NA,NA,NA,NA,NA,NA,NA,NA,NA,NA,NA,NA,NA,NA,NA,NA,NA,NA
2021,Alcorn Lady Braves,8,Audrey Williams,"Williams, Audrey",Audrey,Williams,Fr,M,14,13,NA,NA,0,4,NA,NA,NA,NA,NA,NA,NA,NA,NA,NA,NA,NA,NA,NA,NA,NA,NA,NA,NA,NA,NA,NA
2021,Alcorn Lady Braves,2,Emma Arroyo,"Arroyo, Emma",Emma,Arroyo,Fr,F,13,4,NA,NA,0,3,2,NA,NA,NA,NA,NA,NA,NA,NA,NA,NA,NA,NA,NA,NA,NA,NA,NA,NA,NA,NA,NA
2021,Alcorn Lady Braves,27,Yaisa Reyes,"Reyes, Yaisa",Yaisa,Reyes,Fr,D,12,1,NA,NA,0,2,1,NA,NA,NA,NA,NA,NA,NA,NA,NA,NA,NA,NA,NA,NA,NA,NA,NA,NA,NA,NA,NA
2021,Alcorn Lady Braves,6,Shalisha King,"King, Shalisha",Shalisha,King,Sr,D,11,6,NA,NA,0,NA,5,NA,1,NA,NA,NA,NA,NA,NA,NA,NA,NA,NA,NA,NA,NA,NA,NA,NA,NA,NA,NA
2021,Alcorn Lady Braves,17,Jada Ward,"Ward, Jada",Jada,Ward,Jr,M,11,9,1,NA,2,6,2,NA,1,NA,NA,NA,NA,NA,NA,NA,NA,NA,NA,NA,NA,NA,NA,NA,1,1,NA,NA
2021,Alcorn Lady Braves,10,Paula Sole,"Sole, Paula",Paula,Sole,Sr,F,10,10,NA,NA,0,8,3,NA,NA,NA,NA,NA,NA,NA,NA,NA,NA,NA,NA,NA,NA,NA,NA,NA,NA,NA,NA,NA
2021,Alcorn Lady Braves,11,Kiarra Colson,"Colson, Kiarra",Kiarra,Colson,Jr,M,10,3,NA,NA,0,5,4,NA,NA,NA,NA,NA,NA,NA,NA,NA,NA,NA,NA,NA,NA,NA,NA,NA,NA,NA,NA,NA
2021,Alcorn Lady Braves,13,Aliyah Taylor,"Taylor, Aliyah",Aliyah,Taylor,Fr,F,9,1,NA,NA,0,8,2,NA,NA,NA,NA,NA,NA,NA,NA,NA,NA,NA,NA,NA,NA,NA,NA,NA,NA,NA,NA,NA
2021,Alcorn Lady Braves,18,Anouchka Berthelot,"Berthelot, Anouchka",Anouchka,Berthelot,Sr,M,8,7,NA,NA,0,1,1,NA,NA,NA,NA,NA,NA,NA,NA,NA,NA,NA,NA,NA,NA,NA,NA,NA,NA,NA,NA,NA
2021,Alcorn Lady Braves,10,Paula Cabeza,"Cabeza, Paula",Paula,Cabeza,Sr,M,6,6,NA,1,1,8,3,NA,1,NA,NA,NA,NA,NA,NA,NA,NA,NA,NA,NA,NA,NA,NA,NA,NA,NA,NA,NA
2021,Alcorn Lady Braves,1,Mikayla Shaughnessy,"Shaughnessy, Mikayla",Mikayla,Shaughnessy,Jr,GK,5,4,NA,NA,0,NA,NA,NA,NA,NA,NA,NA,350:34,34,8.729,17,0.333,NA,NA,1,3,NA,NA,NA,NA,NA,NA,NA
2021,Alcorn Lady Braves,3,Mariah Beckom,"Beckom, Mariah",Mariah,Beckom,Sr,F,4,2,NA,NA,0,1,NA,NA,1,NA,NA,NA,NA,NA,NA,NA,NA,NA,NA,NA,NA,NA,NA,NA,NA,NA,NA,NA
2021,Alcorn Lady Braves,8,Sarah-Joy Romain,"Romain, Sarah-Joy",Sarah-Joy,Romain,Sr,D,3,3,NA,NA,0,2,NA,NA,NA,NA,NA,NA,NA,NA,NA,NA,NA,NA,NA,NA,NA,NA,NA,NA,NA,NA,NA,NA
2021,Alcorn Lady Braves,22,Tylesha Boykin,"Boykin, Tylesha",Tylesha,Boykin,So,D,2,1,NA,NA,0,1,2,NA,NA,NA,NA,NA,NA,NA,NA,NA,NA,NA,NA,NA,NA,NA,NA,NA,NA,NA,NA,NA
2021,Alcorn Lady Braves,27,Navani Davis,"Davis, Navani",Navani,Davis,So,D,2,0,NA,NA,0,2,NA,NA,NA,NA,NA,NA,NA,NA,NA,NA,NA,NA,NA,NA,NA,NA,NA,NA,NA,NA,NA,NA
